{"cameraMode":{"drawMode":0,"name":"Shaded","section":"Shading Mode"},"sceneLighting":true,"audioPlay":false,"sceneViewState":{"showFog":false,"showMaterialUpdate":false,"showSkybox":false,"showFlares":false,"showImageEffects":false,"showParticleSystems":false},"in2DMode":false,"pivot":{"x":5.834380149841309,"y":-1.1136736869812012,"z":-8.00346851348877},"rotation":{"x":0.0035103941336274149,"y":-0.9962124228477478,"z":0.07216157764196396,"w":0.04846039414405823},"size":6.725854396820068,"orthographic":false}