{"cameraMode":{"drawMode":0,"name":"Shaded","section":"Shading Mode"},"sceneLighting":true,"audioPlay":false,"sceneViewState":{"showFog":false,"showMaterialUpdate":false,"showSkybox":false,"showFlares":false,"showImageEffects":false,"showParticleSystems":false},"in2DMode":false,"pivot":{"x":4.139477252960205,"y":-23.5286922454834,"z":37.28654861450195},"rotation":{"x":-0.2768501341342926,"y":-0.0017291230615228415,"z":0.0005126736359670758,"w":-0.9609282612800598},"size":29.200685501098634,"orthographic":false}