{"cameraMode":{"drawMode":0,"name":"Shaded","section":"Shading Mode"},"sceneLighting":true,"audioPlay":false,"sceneViewState":{"showFog":false,"showMaterialUpdate":false,"showSkybox":false,"showFlares":false,"showImageEffects":false,"showParticleSystems":false},"in2DMode":false,"pivot":{"x":-2.9966907501220705,"y":-49.32120132446289,"z":76.33319854736328},"rotation":{"x":-0.2735082805156708,"y":0.03260571137070656,"z":-0.009278933517634869,"w":-0.9612794518470764},"size":49.79328536987305,"orthographic":false}